id,word,missing_meaning,missing_ipa,missing_pos,conflict_fields,multiple_primary_rows,topics,primary_pages
core-0001,a,False,True,False,,False,,1
core-0020,accident,False,False,False,meaning,False,27,1
core-0059,advanced,False,False,False,meaning,False,59,2
core-0064,advertising,False,True,False,,False,,3
core-0088,air,False,False,False,meaning,False,11,3
core-0090,airport,False,True,False,,False,,3
core-0101,ally,False,False,False,meaning,False,8,4
core-0114,alternatively,False,True,False,pos,False,,4
core-0147,anti,False,True,False,,False,,5
core-0152,any,False,True,False,,False,,6
core-0159,"apart from, aside from",False,True,False,,False,,6
core-0163,apparently,False,True,False,,False,,6
core-0185,arm,False,False,False,meaning,False,43,7
core-0187,arms,False,True,False,,False,,7
core-0189,around,False,False,False,meaning,False,5,7
core-0203,as well,False,True,True,,False,,7
core-0207,asleep,False,False,False,meaning,False,,7
core-0211,assistant,False,False,False,meaning,False,54,8
core-0212,associate,False,False,False,ipa;meaning;pos,False,8,8
core-0219,attached,False,True,False,,False,,8
core-0236,automatically,False,True,False,,False,,8
core-0246,awfully,False,True,False,,False,,9
core-0248,awkwardly,False,True,False,,False,,9
core-0249,back,False,False,False,meaning,False,43,9
core-0254,bad,False,False,False,meaning,False,,9
core-0257,bag,False,False,False,meaning,False,1;6,9
core-0263,band,False,False,False,meaning,False,22;36,9
core-0267,bargain,False,False,False,meaning,False,6,9
core-0274,bathroom,False,True,False,,False,,10
core-0275,battery,False,False,False,meaning,False,14;53,10
core-0277,bay,False,False,False,meaning,False,21,10
core-0278,be sick,False,True,True,,False,,10
core-0281,bear,False,False,False,ipa;meaning;pos,False,47,10
core-0282,beard,False,False,False,ipa,False,43,10
core-0287,because,False,False,False,meaning,False,,10
core-0292,beer,False,False,False,ipa,False,30,10
core-0296,behalf,False,False,False,meaning,False,,10
core-0297,"behalf, on sb’s behalf",False,True,True,,False,,10
core-0299,"behaviour, behavior",False,True,False,,False,,10
core-0300,behind,False,False,False,pos,False,57,10
core-0303,bell,False,False,False,meaning,False,34,11
core-0311,beside,False,False,False,pos,False,57,11
core-0315,between,False,False,False,pos,False,57,11
core-0327,bit,False,False,False,meaning,False,,11
core-0329,bitter,False,False,False,meaning,False,30,11
core-0336,blind,False,False,False,meaning;pos,False,7,12
core-0342,board,False,False,False,meaning,False,1,12
core-0343,boat,False,False,False,ipa,False,4;21,12
core-0348,book,False,False,False,meaning,False,1,12
core-0352,bored,False,False,False,pos,False,28,12
core-0362,bowl,False,False,False,ipa,False,9;58,13
core-0399,burn,False,False,False,meaning;pos,False,24,14
core-0404,bush,False,False,False,ipa,False,50,14
core-0406,"businessman, businesswoman",False,True,False,,False,,14
core-0436,captain,False,False,False,meaning,False,4;20,15
core-0439,card,False,False,False,meaning,False,34,15
core-0446,carelessly,False,True,False,pos,False,,15
core-0450,case,False,False,False,meaning,False,,16
core-0458,CD,False,True,False,,False,,16
core-0461,celebrate,False,False,False,meaning;pos,False,19,16
core-0464,"cellphone, cellular phone",False,True,False,,False,,16
core-0467,"centimetre, centimeter",False,True,False,,False,,16
core-0478,challenge,False,False,False,meaning,False,60,16
core-0486,charge,False,False,False,ipa;meaning,False,60,17
core-0491,cheap,False,False,False,pos,False,6,17
core-0492,cheaply,False,True,False,pos,False,,17
core-0497,cheerfully,False,True,False,,False,,17
core-0501,chemist’s,False,True,False,meaning,False,,17
core-0502,chemistry,False,False,False,meaning,False,39,17
core-0504,chest,False,False,False,meaning,False,43,17
core-0506,chicken,False,False,False,meaning,False,47,18
core-0510,chip,False,False,False,meaning,False,35,18
core-0527,classroom,False,False,False,ipa,False,39;44;49,18
core-0529,clear,False,True,False,pos,False,,18
core-0532,clever,False,False,False,meaning,False,29,18
core-0539,close,False,False,False,meaning;pos,False,8;14,19
core-0542,closet,False,False,False,meaning,False,7,19
core-0555,cold,False,False,False,meaning,False,41,19
core-0561,college,False,False,False,ipa,False,39;44,19
core-0576,commit,False,False,False,meaning,False,60,20
core-0603,concerning,False,False,False,meaning;pos,False,,21
core-0619,confuse,False,True,False,pos,False,,21
core-0665,cook,False,False,False,meaning,False,3,23
core-0669,cool,False,False,False,meaning,False,41,23
core-0671,copy,False,False,False,meaning,False,14,23
core-0677,cottage,False,False,False,ipa,False,21,23
core-0679,cough,False,False,False,meaning,False,24,23
core-0681,could,False,False,False,meaning,False,,23
core-0684,counter,False,False,False,meaning,False,6,23
core-0688,couple,False,False,False,meaning,False,22;37,24
core-0690,course,False,False,False,meaning,False,40;44,24
core-0701,crazy,False,False,False,meaning,False,29,24
core-0706,credit card,False,False,False,pos,False,6;60,24
core-0736,curtain,False,False,False,meaning,False,7;12,25
core-0737,curve,False,False,False,meaning,False,57,25
core-0750,dancer,False,False,False,meaning,False,54,26
core-0757,date,False,False,False,meaning,False,37,26
core-0765,debate,False,False,False,meaning,False,44,26
core-0787,degree,False,False,False,meaning,False,39;44,27
core-0816,desk,False,False,False,meaning,False,1;12;49,29
core-0822,detail,False,False,False,meaning,False,,29
core-0835,dictionary,False,False,False,pos,False,1,29
core-0844,dinner,False,False,False,meaning,False,58,30
core-0848,director,False,False,False,meaning,False,32,30
core-0880,dismiss,False,False,False,meaning,False,60,31
core-0890,divide,False,False,False,meaning,False,5,31
core-0895,doctor (abbr Dr),False,False,False,meaning,False,13;54,31
core-0897,dog,False,False,False,ipa,False,47,31
core-0909,dozen,False,False,False,pos,False,5,32
core-0920,dressed,False,True,False,,False,,32
core-0921,drink,False,False,False,meaning,False,3;38,32
core-0922,drive,False,False,False,pos,False,27,32
core-0923,driver,False,False,False,meaning,False,27,32
core-0928,drum,False,False,False,meaning,False,36,32
core-0930,dry,False,False,False,meaning,False,41,33
core-0932,dull,False,False,False,meaning,False,41,33
core-0937,DVD,False,True,False,,False,,33
core-0939,e.g.,False,True,False,,False,,33
core-0941,each other,False,True,False,pos,True,,33;33
core-0942,ear,False,False,False,ipa,False,43,33
core-1008,engaged,False,False,False,pos,False,22,35
core-1047,"etc., et cetera",False,False,True,,False,,37
core-1060,ex-,False,True,False,,False,,37
core-1065,exam,False,False,False,meaning,False,44,37
core-1082,exhibit,False,False,False,meaning,False,17,38
core-1109,extent,False,False,False,pos,False,,39
core-1114,eye,False,False,False,ipa,False,43,39
core-1120,fail,False,False,False,meaning,False,39;44,39
core-1135,fan,False,False,False,meaning,False,12,40
core-1145,fat,False,False,False,meaning,False,55,40
core-1146,father,False,False,False,meaning,False,45,40
core-1159,feel sick,False,True,True,,False,,41
core-1166,fever,False,False,False,ipa;meaning,False,24,41
core-1172,file,False,False,False,meaning,False,14,41
core-1179,find,False,False,False,meaning,False,,41
core-1180,fine,False,False,False,meaning;pos,False,41,41
core-1183,finish,False,True,False,,False,,42
core-1185,fire,False,False,False,meaning,False,,42
core-1189,fish,False,False,False,meaning,False,4;52,42
core-1193,fixed,False,True,False,,False,,42
core-1200,flight,False,False,False,meaning,False,18,42
core-1202,flood,False,False,False,meaning,False,56,42
core-1204,flour,False,False,False,meaning,False,35,42
core-1206,flower,False,False,False,meaning,False,50,42
core-1208,fly,False,False,False,meaning,False,48,42
core-1211,fold,False,False,False,meaning,False,15,43
core-1223,forever,False,False,False,ipa,False,37,43
core-1226,fork,False,False,False,meaning,False,27,43
core-1233,fortune,False,False,False,meaning,False,60,43
core-1234,forward,False,False,False,pos,False,,43
core-1238,frame,False,False,False,meaning,False,12,43
core-1261,full,False,False,False,meaning,False,28;35,44
core-1272,"further, furthest",False,True,False,,False,,45
core-1284,gasoline,False,False,False,meaning,False,53,45
core-1291,generation,False,False,False,meaning,False,45,45
core-1292,generous,False,False,False,meaning,False,29,45
core-1299,geography,False,False,False,ipa;meaning,False,39,46
core-1300,get,False,False,False,meaning,False,,46
core-1302,gift,False,False,False,ipa,False,34,46
core-1305,give,False,False,False,meaning,False,,46
core-1306,give birth,False,True,False,,False,,46
core-1308,glass,False,False,False,ipa;meaning,False,9;58,46
core-1309,glasses,False,True,False,,False,,46
core-1310,global,False,False,False,pos,False,,46
core-1312,glue,False,False,False,meaning,False,1;49,46
core-1313,go,False,False,False,meaning,False,,46
core-1325,grade,False,False,False,meaning,False,39;44,46
core-1329,gram,False,False,False,meaning,False,,47
core-1335,grandfather,False,False,False,meaning,False,45,47
core-1336,grandmother,False,False,False,meaning,False,45,47
core-1340,grass,False,False,False,ipa;meaning,False,50,47
core-1341,grateful,False,False,False,meaning,False,28,47
core-1343,gray,False,False,False,ipa,False,40,47
core-1348,"grey, usually gray",False,True,False,,False,,47
core-1353,grow,False,False,False,meaning,False,,47
core-1358,guest,False,False,False,ipa;meaning,False,38,48
core-1364,hair,False,False,False,ipa,False,43,48
core-1366,half,False,False,False,meaning;pos,False,6,48
core-1367,hall,False,False,False,meaning,False,38;44,48
core-1369,hand,False,False,False,meaning,False,43,48
core-1385,have to,False,True,False,,False,,48
core-1386,he,False,False,False,pos,False,,49
core-1387,head,False,False,False,meaning,False,43,49
core-1395,heat,False,False,False,meaning,False,53,49
core-1431,holiday,False,False,False,ipa,False,44,50
core-1435,homework,False,False,False,meaning,False,44,50
core-1436,honest,False,False,False,meaning,False,29,50
core-1446,host,False,False,False,meaning,False,20,51
core-1447,hot,False,False,False,meaning,False,41,51
core-1449,hour,False,False,False,ipa;meaning,False,26,51
core-1463,hurt,False,False,False,meaning,False,24,51
core-1465,i.e.,False,True,False,,False,,51
core-1467,ice cream,False,True,False,,False,,51
core-1492,import,False,True,False,,False,,52
core-1499,impressed,False,True,False,,False,,52
core-1505,in addition,False,True,False,,False,,53
core-1506,in case of,False,True,True,,False,,53
core-1507,in control of,False,True,True,,False,,53
core-1508,in exchange for,False,True,True,,False,,53
core-1534,infected,False,False,False,pos,False,24,54
core-1571,interested,False,True,False,,False,,55
core-1602,it,False,False,False,ipa;meaning,False,39,56
core-1607,jam,False,False,False,meaning,False,,56
core-1610,jeans,False,False,False,ipa,False,42,56
core-1619,journey,False,False,False,meaning,False,18,57
core-1632,keen,False,False,False,meaning,False,,57
core-1634,key,False,False,False,meaning,False,14,57
core-1647,kiss,False,False,False,meaning,False,37,58
core-1690,learn,False,False,False,meaning,False,44,59
core-1696,leg,False,False,False,ipa;meaning,False,43,59
core-1710,lid,False,False,False,meaning,False,9,60
core-1729,live,False,False,False,meaning;pos,False,,60
core-1745,look after,False,True,True,,False,,61
core-1763,luggage,False,False,False,ipa,False,18,61
core-1779,make friends with,False,True,True,,False,,62
core-1780,make-up,False,False,False,pos,False,3,62
core-1793,March (abbr Mar),False,False,False,meaning,False,,62
core-1794,mark,False,False,False,meaning,False,44,62
core-1814,me,False,False,False,pos,False,,63
core-1844,mid-,False,True,False,,False,,64
core-1856,mine,False,True,False,,False,,65
core-1865,miss,False,False,False,meaning,False,,65
core-1867,mistake,False,False,False,meaning,False,44,65
core-1873,mobile phone (mobile),False,True,False,,False,,65
core-1879,monitor,False,False,False,meaning,False,14,65
core-1884,morally,False,True,False,,False,,66
core-1890,mother,False,False,False,ipa,False,45,66
core-1896,mouse,False,False,False,ipa,False,14,66
core-1897,mouth,False,False,False,ipa,False,43,66
core-1901,movie theater,False,True,False,,False,,66
core-1903,Mr,False,True,False,,False,,66
core-1904,Mrs,False,True,False,,False,,66
core-1905,Ms,False,True,False,,False,,66
core-1908,multiply,False,False,False,meaning,False,5,66
core-1931,near,False,False,False,meaning;pos,False,57,67
core-1968,non-,False,True,False,,False,,68
core-1969,none,False,False,False,pos,False,,68
core-1978,note,False,False,False,meaning,False,36,69
core-1988,nurse,False,False,False,ipa,False,13;54,69
core-2023,old-fashioned,False,True,False,,False,,70
core-2024,on,False,False,False,ipa,False,,70
core-2030,open,False,False,False,meaning,False,14,70
core-2039,opposed to,False,False,True,,False,,71
core-2041,opposite,False,False,False,meaning;pos,False,57,71
core-2044,orange,False,False,False,meaning,False,46,71
core-2045,order,False,False,False,meaning,False,38,71
core-2058,ours,False,False,False,pos,False,,71
core-2063,outer,False,True,False,pos,False,,72
core-2068,oven,False,False,False,pos,False,9,72
core-2084,paint,False,False,False,meaning,False,1;2,72
core-2105,pass,False,False,False,ipa;meaning,False,39;44,73
core-2113,patient,False,False,False,meaning,False,29,73
core-2117,pay attention to,False,True,True,,False,,73
core-2125,penny,False,False,False,meaning,False,,74
core-2128,pepper,False,False,False,meaning,False,25,74
core-2130,per cent (percent),False,True,False,,False,,74
core-2133,perform,False,False,False,pos,False,17;19;36,74
core-2160,pick,False,False,False,meaning,False,2,75
core-2163,pig,False,False,False,ipa,False,47,75
core-2168,pink,False,False,False,meaning,False,40,75
core-2171,pitch,False,False,False,ipa;meaning,False,33,75
core-2179,plant,False,False,False,meaning,False,2,76
core-2183,play,False,False,False,meaning,False,2;17;36,76
core-2185,pleasant,False,False,False,meaning,False,29,76
core-2194,plus,False,False,False,meaning;pos,False,5,76
core-2195,pocket,False,False,False,meaning,False,42,76
core-2198,point,False,False,False,meaning,False,2,76
core-2205,polish,False,False,False,meaning,False,15,77
core-2229,pot,False,False,False,meaning,False,9,77
core-2259,press,False,False,False,meaning,False,59,78
core-2276,print,False,False,False,meaning,False,14,79
core-2303,project,False,False,False,ipa,False,,80
core-2304,promise,False,True,False,,False,,80
core-2314,property,False,False,False,meaning,False,60,80
core-2317,propose,False,False,False,meaning,False,37,80
core-2334,pull,False,False,False,meaning,False,2,81
core-2339,purchase,False,False,False,ipa;meaning,False,60,81
core-2342,purple,False,False,False,meaning,False,40,81
core-2343,purpose,False,False,False,meaning,False,,81
core-2347,put sth on,False,True,True,,False,,81
core-2368,rain,False,False,False,meaning,False,41,82
core-2379,re-,False,True,False,,False,,82
core-2390,realize,False,False,False,meaning,False,,83
core-2397,receipt,False,False,False,meaning,False,6,83
core-2398,receive,False,False,False,meaning,False,59,83
core-2401,reception,False,False,False,meaning,False,22;38,83
core-2412,refer to,False,True,False,pos,False,,84
core-2416,refrigerator,False,False,False,ipa,False,9,84
core-2423,register,False,False,False,meaning,False,44,84
core-2435,relax,False,False,False,meaning,False,3;18,84
core-2455,rent,False,False,False,meaning,False,60,85
core-2473,reservation,False,False,False,meaning,False,38,86
core-2485,responsible,False,False,False,meaning,False,60,86
core-2509,ride,False,False,False,meaning,False,2,87
core-2513,right,False,False,False,meaning,False,44,88
core-2515,ring,False,False,False,meaning,False,22;37,88
core-2520,road,False,False,False,meaning,False,27,88
core-2536,row,False,False,False,meaning;pos,False,2,88
core-2539,rubber,False,False,False,meaning,False,1,88
core-2541,rude,False,False,False,meaning,False,29,88
core-2546,ruler,False,False,False,meaning,False,1;39;49,89
core-2548,run,False,False,False,meaning,False,2,89
core-2550,running,False,False,False,meaning,False,20,89
core-2552,rush,False,False,False,meaning,False,13,89
core-2580,scale,False,False,False,meaning,False,6,90
core-2582,scared,False,False,False,meaning,False,28,90
core-2586,school,False,False,False,meaning,False,44,90
core-2594,screen,False,False,False,meaning,False,14,90
core-2601,second,False,False,False,meaning,False,26,91
core-2608,secure,False,False,False,ipa;meaning,False,59,91
core-2614,select,False,False,False,meaning,False,14,91
core-2617,self-,False,True,False,,False,,91
core-2625,sensitive,False,False,False,meaning,False,29,92
core-2661,she,False,False,False,pos,False,,93
core-2666,shelter,False,False,False,meaning,False,41,93
core-2678,shop,False,False,False,meaning,False,6;16,94
core-2691,side,False,False,False,,True,,94;94
core-2709,sincere,False,False,False,ipa;meaning,False,29,95
core-2715,sink,False,False,False,meaning;pos,False,9,95
core-2718,sit,False,False,False,meaning,False,2,95
core-2720,size,False,False,False,meaning,False,42,95
core-2728,sleep,False,False,False,meaning,False,2;3,95
core-2731,slide,False,False,False,meaning,False,2,95
core-2747,snake,False,False,False,meaning,False,47,96
core-2748,snow,False,False,False,meaning,False,34;41,96
core-2779,sour,False,False,False,meaning,False,35,97
core-2786,speaker,False,False,False,meaning,False,12;14,97
core-2800,spin,False,False,False,meaning,False,2,98
core-2820,stand,False,False,False,meaning,False,2;33,98
core-2839,step,False,False,False,meaning,False,12,99
core-2841,"stick out, stick for",False,True,True,,False,,99
core-2851,stop,False,False,False,meaning,False,2,99
core-2852,store,False,False,False,meaning,False,16,100
core-2853,storm,False,False,False,meaning,False,56,100
core-2864,stress,False,True,False,,False,,100
core-2882,study,False,False,False,meaning,False,3;44,101
core-2886,subject,False,False,False,meaning,False,44,101
core-2907,suit,False,False,False,meaning,False,42,101
core-2920,supporter,False,False,False,meaning,False,33,102
core-2927,surprised,False,False,False,ipa,False,28,102
core-2933,survey,False,False,False,meaning,False,60,102
core-2940,swearing,False,True,False,,False,,103
core-2942,sweater,False,False,False,meaning,False,42,103
core-2943,sweep,False,False,False,meaning,False,2;15,103
core-2949,swimming pool,False,True,False,,False,,103
core-2950,swing,False,False,False,meaning,False,2,103
core-2951,switch,False,False,False,meaning,False,12,103
core-2964,take part in,False,True,True,,False,,103
core-2965,take sth over,False,True,True,,False,,103
core-2966,talk,False,False,False,meaning,False,2,103
core-2976,tea,False,False,False,meaning,False,30,104
core-2986,television (TV),False,False,False,meaning,False,12,104
core-2987,tell,False,False,False,meaning,False,2,104
core-2998,test,False,False,False,meaning,False,44,105
core-3002,thank you,False,True,False,,False,,105
core-3005,the,False,False,True,,False,,105
core-3021,thin,False,False,False,meaning,False,55,105
core-3025,thirsty,False,False,False,ipa,False,28,105
core-3038,throw,False,False,False,ipa,False,2,106
core-3044,tie,False,False,False,meaning,False,2;42,106
core-3047,"till, until",False,False,True,,False,,106
core-3052,tip,False,False,False,meaning,False,58,106
core-3084,toy,False,False,False,meaning,False,19,107
core-3095,transfer,False,False,False,meaning,False,59,108
core-3102,travel,False,False,False,meaning,False,18,108
core-3104,treat,False,False,False,meaning,False,13,108
core-3111,trip,False,False,False,meaning,False,18,108
core-3123,tune,False,False,False,ipa;meaning,False,36,109
core-3126,TV television,False,True,True,,False,,109
core-3131,type,False,False,False,meaning,False,14,109
core-3141,"unacceptable, acceptable",False,False,True,,False,,109
core-3143,"uncertain, certain",False,False,True,,False,,110
core-3146,"uncomfortable,comfortable",False,False,True,,False,,110
core-3148,"unconscious, conscious",False,False,True,,False,,110
core-3150,"uncontrolled, control",False,False,True,,False,,110
core-3164,"Unfair, unfairly",False,False,True,,False,,110
core-3171,uniform,False,False,False,meaning,False,39,111
core-3194,Unusual,False,False,True,,False,,111
core-3196,Unwilling,False,False,True,,False,,111
core-3206,upwards,False,True,False,,False,,112
core-3213,used to,False,True,False,,False,,112
core-3219,vacation,False,False,False,ipa;meaning,False,18,112
core-3232,vehicle,False,False,False,meaning,False,27,113
core-3241,view,False,False,False,meaning,False,21,113
core-3255,volume,False,False,False,meaning,False,36,113
core-3258,waist,False,False,False,meaning,False,43,114
core-3261,wake up,False,False,False,pos,False,3,114
core-3278,wave,False,False,False,meaning,False,4,114
core-3286,weather,False,False,False,ipa,False,41,114
core-3288,website,False,True,False,,False,,115
core-3291,week,False,False,False,meaning,False,26,115
core-3334,wind,False,False,False,meaning;pos,False,41;53,116
core-3362,"worse, worst",False,False,True,,False,,117
core-3372,writer,False,False,False,meaning,False,54,117
core-3375,wrong,False,False,False,meaning,False,44,117
core-3380,year,False,False,False,ipa,False,26,118
core-3389,Yours sincerely,False,True,True,,False,,118
core-3390,Yours Truly,False,True,True,,False,,118
core-3393,zero number,False,False,True,,False,,118
